,open,high,low,close,adjclose,volume,ticker
2018-06-19,49.70000076293945,50.060001373291016,49.58000183105469,49.959999084472656,48.4600944519043,16600,XLC
2018-06-20,50.45000076293945,50.888999938964844,50.45000076293945,50.58000183105469,49.061485290527344,190000,XLC
2018-06-21,50.77000045776367,50.849998474121094,50.20000076293945,50.27000045776367,48.76078796386719,428700,XLC
2018-06-22,50.59000015258789,50.61000061035156,50.189998626708984,50.4900016784668,48.974185943603516,181500,XLC
2018-06-25,50.22999954223633,50.22999954223633,49.01499938964844,49.45000076293945,47.96540832519531,2509600,XLC
2018-06-26,49.720001220703125,49.779998779296875,49.349998474121094,49.53200149536133,48.04494857788086,104000,XLC
2018-06-27,49.81999969482422,50.0,49.099998474121094,49.099998474121094,47.625919342041016,144900,XLC
2018-06-28,49.099998474121094,49.790000915527344,48.970001220703125,49.59000015258789,48.1012077331543,336500,XLC
2018-06-29,49.79999923706055,49.84000015258789,49.41999816894531,49.529998779296875,48.043006896972656,152300,XLC
2018-07-02,49.11000061035156,49.84000015258789,48.939998626708984,49.84000015258789,48.34370040893555,321300,XLC
2018-07-03,50.0,50.0,49.18899917602539,49.22999954223633,47.75200653076172,97500,XLC
2018-07-05,49.59000015258789,50.0,49.33000183105469,49.97999954223633,48.47949981689453,324900,XLC
2018-07-06,50.13999938964844,50.816001892089844,49.93000030517578,50.77000045776367,49.24578094482422,199800,XLC
2018-07-09,51.20000076293945,51.20000076293945,50.650001525878906,51.060001373291016,49.52706527709961,118100,XLC
2018-07-10,51.209999084472656,51.209999084472656,50.869998931884766,51.03900146484375,49.50670623779297,1153200,XLC
2018-07-11,50.70000076293945,51.22999954223633,50.650001525878906,50.970001220703125,49.43977355957031,227500,XLC
2018-07-12,51.29999923706055,51.77000045776367,51.13999938964844,51.77000045776367,50.215755462646484,361400,XLC
2018-07-13,51.779998779296875,51.79999923706055,51.44900131225586,51.689998626708984,50.13815689086914,80100,XLC
2018-07-16,51.779998779296875,51.779998779296875,51.45000076293945,51.540000915527344,49.99266815185547,200700,XLC
2018-07-17,50.810001373291016,51.68000030517578,50.720001220703125,51.54999923706055,50.00236129760742,172600,XLC
2018-07-18,51.59000015258789,51.599998474121094,51.22999954223633,51.400001525878906,49.856876373291016,147800,XLC
2018-07-19,51.43000030517578,51.470001220703125,51.00600051879883,51.040000915527344,49.50767517089844,258400,XLC
2018-07-20,51.04999923706055,51.18600082397461,50.84000015258789,50.869998931884766,49.342777252197266,158400,XLC
2018-07-23,50.93000030517578,51.099998474121094,50.650001525878906,51.08000183105469,49.54646682739258,94800,XLC
2018-07-24,52.11000061035156,52.11000061035156,51.15999984741211,51.439998626708984,49.895660400390625,211200,XLC
2018-07-25,51.529998779296875,51.875,51.380001068115234,51.810001373291016,50.25455093383789,604300,XLC
2018-07-26,49.75,50.02000045776367,49.56999969482422,49.85599899291992,48.35921859741211,833400,XLC
2018-07-27,49.77000045776367,49.83000183105469,48.63800048828125,48.90999984741211,47.44162368774414,1111200,XLC
2018-07-30,49.02000045776367,49.02000045776367,47.86899948120117,48.13999938964844,46.694740295410156,251300,XLC
2018-07-31,48.369998931884766,48.77000045776367,48.13999938964844,48.459999084472656,47.005126953125,1211400,XLC
2018-08-01,48.560001373291016,48.77899932861328,48.11899948120117,48.2599983215332,46.81113052368164,1250400,XLC
2018-08-02,48.09000015258789,48.65999984741211,47.900001525878906,48.58000183105469,47.12153244018555,190700,XLC
2018-08-03,48.09000015258789,48.93000030517578,48.09000015258789,48.90999984741211,47.44162368774414,117200,XLC
2018-08-06,48.90999984741211,49.40999984741211,48.81999969482422,49.400001525878906,47.91691207885742,110200,XLC
2018-08-07,49.68000030517578,49.79899978637695,49.41999816894531,49.459999084472656,47.97511291503906,128800,XLC
2018-08-08,49.54999923706055,49.599998474121094,49.358001708984375,49.41999816894531,47.936309814453125,114200,XLC
2018-08-09,49.459999084472656,49.8849983215332,49.459999084472656,49.689998626708984,48.19820022583008,306400,XLC
2018-08-10,49.529998779296875,49.529998779296875,49.150001525878906,49.27000045776367,47.790809631347656,177600,XLC
2018-08-13,49.33000183105469,49.61000061035156,49.16999816894531,49.20000076293945,47.72291564941406,261000,XLC
2018-08-14,49.439998626708984,49.630001068115234,49.11000061035156,49.54999923706055,48.062400817871094,189800,XLC
2018-08-15,49.2400016784668,49.29999923706055,48.4900016784668,48.86000061035156,47.39311981201172,555100,XLC
2018-08-16,49.189998626708984,49.23500061035156,48.7599983215332,48.84000015258789,47.37372589111328,177600,XLC
2018-08-17,48.65999984741211,48.810001373291016,48.400001525878906,48.61000061035156,47.1506233215332,226900,XLC
2018-08-20,48.849998474121094,48.849998474121094,48.37099838256836,48.689998626708984,47.22821807861328,145800,XLC
2018-08-21,48.95000076293945,49.22999954223633,48.810001373291016,48.9900016784668,47.51921844482422,384900,XLC
2018-08-22,48.849998474121094,49.029998779296875,48.75,48.93000030517578,47.461021423339844,501900,XLC
2018-08-23,48.880001068115234,49.16999816894531,48.720001220703125,48.72999954223633,47.267024993896484,283700,XLC
2018-08-24,48.959999084472656,49.439998626708984,48.880001068115234,49.439998626708984,47.95571517944336,330900,XLC
2018-08-27,49.75,50.01900100708008,49.6609992980957,49.91999816894531,48.42129135131836,299200,XLC
2018-08-28,50.060001373291016,50.060001373291016,49.63100051879883,49.70000076293945,48.20790481567383,150200,XLC
2018-08-29,49.83000183105469,50.02000045776367,49.66999816894531,49.97999954223633,48.47949981689453,270900,XLC
2018-08-30,49.810001373291016,50.03499984741211,49.47999954223633,49.66999816894531,48.178802490234375,344400,XLC
2018-08-31,49.619998931884766,49.619998931884766,49.04199981689453,49.18000030517578,47.703514099121094,235000,XLC
2018-09-04,49.04999923706055,49.04999923706055,48.400001525878906,48.56999969482422,47.11182403564453,343700,XLC
2018-09-05,48.52000045776367,48.52000045776367,47.7599983215332,47.939998626708984,46.50074768066406,773600,XLC
2018-09-06,47.90999984741211,47.97999954223633,47.16999816894531,47.58000183105469,46.15155792236328,599600,XLC
2018-09-07,47.279998779296875,47.95000076293945,47.22999954223633,47.68000030517578,46.24855041503906,755700,XLC
2018-09-10,47.97999954223633,47.97999954223633,47.558998107910156,47.779998779296875,46.345542907714844,310900,XLC
2018-09-11,47.720001220703125,48.36000061035156,47.65999984741211,48.2599983215332,46.81113052368164,615700,XLC
2018-09-12,48.130001068115234,48.25,47.849998474121094,48.119998931884766,46.67533493041992,713300,XLC
2018-09-13,48.310001373291016,48.52000045776367,48.209999084472656,48.459999084472656,47.005126953125,754500,XLC
2018-09-14,48.63999938964844,48.63999938964844,48.25,48.369998931884766,46.91783142089844,1190800,XLC
2018-09-17,48.41999816894531,48.41999816894531,47.86000061035156,47.900001525878906,46.461944580078125,810800,XLC
2018-09-18,47.95000076293945,48.40999984741211,47.900001525878906,48.2400016784668,46.791744232177734,430100,XLC
2018-09-19,48.290000915527344,48.41999816894531,47.9900016784668,48.369998931884766,46.91783142089844,2385200,XLC
2018-09-20,48.77000045776367,48.95000076293945,48.52000045776367,48.900001525878906,47.43192672729492,4554200,XLC
2018-09-21,49.02000045776367,49.040000915527344,48.41999816894531,48.54999923706055,47.219886779785156,7974600,XLC
2018-09-24,48.209999084472656,48.619998931884766,48.0099983215332,48.54999923706055,47.219886779785156,6769400,XLC
2018-09-25,48.540000915527344,48.650001525878906,48.25,48.56999969482422,47.239341735839844,3994500,XLC
2018-09-26,48.650001525878906,49.25,48.599998474121094,48.7599983215332,47.42414093017578,5688600,XLC
2018-09-27,49.060001373291016,49.529998779296875,48.88999938964844,49.18000030517578,47.8326301574707,3649400,XLC
2018-09-28,49.06999969482422,49.119998931884766,48.79800033569336,49.0,47.65756607055664,2306600,XLC
2018-10-01,49.16999816894531,49.220001220703125,48.56999969482422,48.79999923706055,47.46304702758789,7636900,XLC
2018-10-02,48.77000045776367,48.9630012512207,48.58000183105469,48.7599983215332,47.42414093017578,5823500,XLC
2018-10-03,49.029998779296875,49.189998626708984,48.849998474121094,48.97999954223633,47.63811492919922,5146200,XLC
2018-10-04,48.93000030517578,48.93000030517578,47.869998931884766,48.279998779296875,46.95729064941406,5292200,XLC
2018-10-05,48.349998474121094,48.529998779296875,47.47999954223633,47.81999969482422,46.5098991394043,2648400,XLC
2018-10-08,47.599998474121094,47.83000183105469,47.0099983215332,47.65999984741211,46.35428237915039,2170000,XLC
2018-10-09,47.65999984741211,48.119998931884766,47.56999969482422,47.630001068115234,46.325103759765625,1991400,XLC
2018-10-10,47.529998779296875,47.540000915527344,45.709999084472656,45.75,44.49660110473633,4050700,XLC
2018-10-11,45.65999984741211,46.27000045776367,44.93000030517578,45.36000061035156,44.11729049682617,8840700,XLC
2018-10-12,46.439998626708984,46.5,45.59000015258789,46.369998931884766,45.099613189697266,5877600,XLC
2018-10-15,46.209999084472656,46.68000030517578,46.0,46.189998626708984,44.92455291748047,1576900,XLC
2018-10-16,46.689998626708984,47.505001068115234,46.61000061035156,47.40999984741211,46.111122131347656,3707300,XLC
2018-10-17,47.7400016784668,47.7400016784668,47.11000061035156,47.599998474121094,46.2959098815918,4571000,XLC
2018-10-18,47.4900016784668,47.4900016784668,46.37699890136719,46.72999954223633,45.44976043701172,21297200,XLC
2018-10-19,47.0,47.40999984741211,46.540000915527344,46.720001220703125,45.440025329589844,3544400,XLC
2018-10-22,46.9900016784668,47.119998931884766,46.5099983215332,46.689998626708984,45.41084671020508,2711700,XLC
2018-10-23,46.029998779296875,46.790000915527344,45.63800048828125,46.59000015258789,45.3135871887207,2779600,XLC
2018-10-24,46.58000183105469,46.58000183105469,44.31999969482422,44.369998931884766,43.15441131591797,3552300,XLC
2018-10-25,45.16999816894531,46.150001525878906,45.16999816894531,45.84000015258789,44.58413314819336,3391700,XLC
2018-10-26,44.43000030517578,45.599998474121094,44.040000915527344,44.599998474121094,43.37810134887695,5229100,XLC
2018-10-29,45.29999923706055,45.599998474121094,43.06999969482422,43.90999984741211,42.70701217651367,3491000,XLC
2018-10-30,43.84000015258789,45.16999816894531,43.665000915527344,45.11000061035156,43.8741340637207,6283600,XLC
2018-10-31,45.9900016784668,46.54999923706055,45.790000915527344,46.040000915527344,44.77865982055664,3577200,XLC
2018-11-01,46.189998626708984,46.40999984741211,45.7400016784668,46.310001373291016,45.041263580322266,2550000,XLC
2018-11-02,46.45000076293945,46.74800109863281,45.540000915527344,45.84000015258789,44.58413314819336,2628600,XLC
2018-11-05,45.93000030517578,45.93000030517578,45.31999969482422,45.650001525878906,44.39933776855469,2439500,XLC
2018-11-06,45.70000076293945,46.18000030517578,45.56999969482422,45.91999816894531,44.66194534301758,2040300,XLC
2018-11-07,46.38999938964844,46.790000915527344,46.16999816894531,46.7599983215332,45.47893524169922,2705800,XLC
2018-11-08,46.790000915527344,46.790000915527344,46.04999923706055,46.31999969482422,45.050987243652344,1295700,XLC
2018-11-09,45.7400016784668,45.90999984741211,45.0099983215332,45.369998931884766,44.12701416015625,2234500,XLC
2018-11-12,45.31999969482422,45.369998931884766,44.5,44.689998626708984,43.46563720703125,1203700,XLC
2018-11-13,44.88999938964844,45.290000915527344,44.459999084472656,44.54999923706055,43.32948303222656,2186100,XLC
2018-11-14,45.029998779296875,45.150001525878906,44.40999984741211,44.77000045776367,43.5434455871582,2137500,XLC
2018-11-15,44.560001373291016,45.18000030517578,44.13600158691406,45.099998474121094,43.86441421508789,3864100,XLC
2018-11-16,44.84000015258789,45.04999923706055,44.45000076293945,44.880001068115234,43.65044021606445,2092100,XLC
2018-11-19,44.72999954223633,44.7599983215332,43.38999938964844,43.52000045776367,42.327701568603516,2358000,XLC
2018-11-20,42.7400016784668,43.41999816894531,42.380001068115234,42.95000076293945,41.7733154296875,5028200,XLC
2018-11-21,43.38999938964844,43.86000061035156,43.31999969482422,43.459999084472656,42.269344329833984,3187400,XLC
2018-11-23,43.189998626708984,43.33000183105469,42.88999938964844,42.88999938964844,41.714962005615234,667100,XLC
2018-11-26,43.38999938964844,43.880001068115234,43.279998779296875,43.869998931884766,42.66810607910156,2563700,XLC
2018-11-27,43.720001220703125,44.150001525878906,43.529998779296875,44.0099983215332,42.80427932739258,2114400,XLC
2018-11-28,44.2400016784668,44.93000030517578,43.72999954223633,44.93000030517578,43.699073791503906,2707400,XLC
2018-11-29,44.689998626708984,45.30500030517578,44.53499984741211,45.08000183105469,43.844966888427734,2247700,XLC
2018-11-30,45.15999984741211,45.15999984741211,44.63999938964844,45.0099983215332,43.77687454223633,5563500,XLC
2018-12-03,45.97999954223633,45.97999954223633,44.900001525878906,45.08000183105469,43.844966888427734,5790400,XLC
2018-12-04,45.0,45.2599983215332,43.650001525878906,43.75,42.5513916015625,3268000,XLC
2018-12-06,43.099998474121094,44.2400016784668,42.970001220703125,44.2400016784668,43.027976989746094,3560400,XLC
2018-12-07,44.09000015258789,44.45000076293945,43.209999084472656,43.400001525878906,42.21098327636719,2625800,XLC
2018-12-10,43.52000045776367,43.939998626708984,42.90700149536133,43.72999954223633,42.53194808959961,3379500,XLC
2018-12-11,44.2599983215332,44.36000061035156,43.529998779296875,43.77000045776367,42.57084655761719,4425900,XLC
2018-12-12,44.18000030517578,44.83000183105469,44.18000030517578,44.2400016784668,43.027976989746094,3352600,XLC
2018-12-13,44.380001068115234,44.540000915527344,43.7599983215332,44.040000915527344,42.83344650268555,1984100,XLC
2018-12-14,43.59000015258789,44.13999938964844,43.52000045776367,43.61000061035156,42.41522979736328,1910800,XLC
2018-12-17,43.45000076293945,43.84000015258789,42.439998626708984,42.7599983215332,41.5885124206543,3275000,XLC
2018-12-18,42.9900016784668,43.41999816894531,42.70000076293945,42.95000076293945,41.7733154296875,3597400,XLC
2018-12-19,42.88999938964844,43.56999969482422,41.790000915527344,42.029998779296875,40.87852096557617,5714100,XLC
2018-12-20,41.779998779296875,42.209999084472656,40.766998291015625,41.290000915527344,40.158790588378906,9067000,XLC
2018-12-21,41.2599983215332,41.61000061035156,39.5,39.810001373291016,38.84541320800781,7987400,XLC
2018-12-24,39.529998779296875,40.15999984741211,38.970001220703125,38.970001220703125,38.0257568359375,3888500,XLC
2018-12-26,39.27000045776367,41.18000030517578,39.04100036621094,41.15999984741211,40.162696838378906,4104000,XLC
2018-12-27,40.59000015258789,41.349998474121094,39.75,41.349998474121094,40.34808349609375,3768600,XLC
2018-12-28,41.5099983215332,41.84000015258789,40.959999084472656,41.220001220703125,40.22124481201172,2631900,XLC
2018-12-31,41.540000915527344,41.68000030517578,40.7599983215332,41.279998779296875,40.27978515625,5303600,XLC
2019-01-02,40.599998474121094,42.03499984741211,40.52000045776367,41.83000183105469,40.816463470458984,4625800,XLC
2019-01-03,41.560001373291016,41.880001068115234,41.060001373291016,41.130001068115234,40.133419036865234,3433700,XLC
2019-01-04,41.810001373291016,43.0099983215332,41.66999816894531,42.900001525878906,41.860538482666016,2647900,XLC
2019-01-07,42.95000076293945,43.56999969482422,42.810001373291016,43.38999938964844,42.33865737915039,4048400,XLC
2019-01-08,43.810001373291016,44.18000030517578,43.4900016784668,44.119998931884766,43.05097579956055,2144800,XLC
2019-01-09,44.2599983215332,44.290000915527344,43.790000915527344,44.18000030517578,43.10952377319336,1840800,XLC
2019-01-10,43.9900016784668,44.33000183105469,43.65999984741211,44.27000045776367,43.19734191894531,1340500,XLC
2019-01-11,43.9900016784668,44.119998931884766,43.65999984741211,44.04999923706055,42.98267364501953,1227900,XLC
2019-01-14,43.7599983215332,44.0620002746582,43.54999923706055,43.88999938964844,42.8265495300293,2344900,XLC
2019-01-15,44.11000061035156,44.720001220703125,44.029998779296875,44.619998931884766,43.53886032104492,2459700,XLC
2019-01-16,44.66999816894531,44.779998779296875,44.369998931884766,44.43000030517578,43.353458404541016,20343800,XLC
2019-01-17,44.33000183105469,44.72999954223633,44.189998626708984,44.61000061035156,43.52909851074219,3311000,XLC
2019-01-18,44.939998626708984,45.275001525878906,44.7599983215332,44.970001220703125,43.88037872314453,3375800,XLC
2019-01-22,44.65999984741211,44.720001220703125,43.7599983215332,44.040000915527344,42.97291564941406,4343200,XLC
2019-01-23,44.290000915527344,44.369998931884766,43.439998626708984,43.84000015258789,42.77775955200195,2540500,XLC
2019-01-24,43.81999969482422,44.09000015258789,43.59000015258789,44.040000915527344,42.97291564941406,2878700,XLC
2019-01-25,44.43000030517578,44.7400016784668,44.349998474121094,44.599998474121094,43.51934051513672,3341100,XLC
2019-01-28,44.18000030517578,44.27000045776367,43.82099914550781,44.209999084472656,43.138797760009766,4328200,XLC
2019-01-29,44.18000030517578,44.189998626708984,43.54999923706055,43.689998626708984,42.63138961791992,1138100,XLC
2019-01-30,43.95000076293945,44.40399932861328,43.5099983215332,44.31999969482422,43.24612808227539,2578000,XLC
2019-01-31,45.5,46.31999969482422,45.40999984741211,46.130001068115234,45.01227569580078,4798700,XLC
2019-02-01,46.029998779296875,46.36000061035156,45.90999984741211,45.970001220703125,44.85615539550781,4395100,XLC
2019-02-04,46.0099983215332,46.400001525878906,45.86000061035156,46.400001525878906,45.275733947753906,3703100,XLC
2019-02-05,46.36000061035156,46.95000076293945,46.33000183105469,46.90999984741211,45.773372650146484,2388600,XLC
2019-02-06,46.529998779296875,46.529998779296875,45.7599983215332,45.86000061035156,44.74881362915039,3748900,XLC
2019-02-07,45.45000076293945,45.5890007019043,44.93000030517578,45.41999816894531,44.31947326660156,2341500,XLC
2019-02-08,45.099998474121094,45.72999954223633,45.060001373291016,45.72999954223633,44.62196350097656,2600400,XLC
2019-02-11,45.91999816894531,46.02000045776367,45.22999954223633,45.2599983215332,44.163352966308594,2061100,XLC
2019-02-12,45.689998626708984,45.939998626708984,45.66999816894531,45.779998779296875,44.670745849609375,2442900,XLC
2019-02-13,45.970001220703125,46.16999816894531,45.77000045776367,45.810001373291016,44.70002746582031,3620700,XLC
2019-02-14,45.56999969482422,46.1879997253418,45.380001068115234,45.97999954223633,44.865909576416016,2103300,XLC
2019-02-15,46.29999923706055,46.29999923706055,45.939998626708984,46.18000030517578,45.061065673828125,2283500,XLC
2019-02-19,46.04999923706055,46.400001525878906,45.97999954223633,46.22999954223633,45.1098518371582,4218800,XLC
2019-02-20,46.279998779296875,46.380001068115234,45.81999969482422,46.06999969482422,44.953731536865234,3566300,XLC
2019-02-21,45.959999084472656,45.987998962402344,45.470001220703125,45.63999938964844,44.534149169921875,2631200,XLC
2019-02-22,45.83000183105469,46.09000015258789,45.720001220703125,46.06999969482422,44.953731536865234,4005400,XLC
2019-02-25,46.34000015258789,46.404998779296875,46.08000183105469,46.119998931884766,45.00251007080078,2410800,XLC
2019-02-26,45.97999954223633,46.33399963378906,45.849998474121094,46.119998931884766,45.00251007080078,4704600,XLC
2019-02-27,45.90999984741211,46.08000183105469,45.560001373291016,45.88999938964844,44.77808380126953,4009800,XLC
2019-02-28,45.849998474121094,46.06999969482422,45.810001373291016,45.91999816894531,44.80735778808594,2374200,XLC
2019-03-01,46.220001220703125,46.29999923706055,46.0099983215332,46.279998779296875,45.15864181518555,7114200,XLC
2019-03-04,46.5099983215332,46.630001068115234,45.744998931884766,46.34000015258789,45.21718978881836,2906600,XLC
2019-03-05,46.349998474121094,46.7599983215332,46.119998931884766,46.630001068115234,45.500160217285156,2805900,XLC
2019-03-06,46.709999084472656,46.80799865722656,46.470001220703125,46.61000061035156,45.48064422607422,6131600,XLC
2019-03-07,46.54999923706055,46.54999923706055,45.970001220703125,46.20000076293945,45.0805778503418,3377700,XLC
2019-03-08,45.70000076293945,46.20000076293945,45.560001373291016,46.16999816894531,45.051307678222656,2566500,XLC
2019-03-11,46.290000915527344,47.0099983215332,46.290000915527344,47.0,45.86119079589844,3594000,XLC
2019-03-12,47.09000015258789,47.349998474121094,47.06999969482422,47.209999084472656,46.066104888916016,8112500,XLC
2019-03-13,47.380001068115234,47.529998779296875,47.20000076293945,47.349998474121094,46.20271301269531,3486900,XLC
2019-03-14,47.20000076293945,47.29999923706055,47.0,47.13999938964844,45.997806549072266,3539800,XLC
2019-03-15,47.119998931884766,47.15999984741211,46.75699996948242,47.02000045776367,45.96163558959961,6868900,XLC
2019-03-18,46.81999969482422,46.869998931884766,46.51499938964844,46.619998931884766,45.570640563964844,2807200,XLC
2019-03-19,46.79999923706055,47.06999969482422,46.51499938964844,46.70000076293945,45.648841857910156,3570800,XLC
2019-03-20,46.70000076293945,47.2599983215332,46.529998779296875,47.119998931884766,46.05937957763672,7390700,XLC
2019-03-21,46.970001220703125,47.777000427246094,46.93000030517578,47.7400016784668,46.66543197631836,3183200,XLC
2019-03-22,47.52000045776367,47.71699905395508,46.83000183105469,46.970001220703125,45.91276931762695,5174600,XLC
2019-03-25,46.84000015258789,47.119998931884766,46.59000015258789,46.88999938964844,45.83456039428711,2408500,XLC
2019-03-26,47.130001068115234,47.540000915527344,46.90999984741211,47.119998931884766,46.05937957763672,2488600,XLC
2019-03-27,47.18000030517578,47.279998779296875,46.529998779296875,46.779998779296875,45.72703552246094,2465700,XLC
2019-03-28,46.7400016784668,46.79999923706055,46.439998626708984,46.66999816894531,45.61951446533203,1891100,XLC
2019-03-29,46.91999816894531,46.959999084472656,46.400001525878906,46.77000045776367,45.71725845336914,2542900,XLC
2019-04-01,47.130001068115234,47.52000045776367,47.130001068115234,47.47999954223633,46.41128158569336,4249700,XLC
2019-04-02,47.619998931884766,47.79999923706055,47.457000732421875,47.72999954223633,46.65565490722656,3323300,XLC
2019-04-03,47.95000076293945,48.33000183105469,47.810001373291016,47.90999984741211,46.831600189208984,2303600,XLC
2019-04-04,48.11000061035156,48.3489990234375,47.939998626708984,48.18000030517578,47.09552764892578,2788100,XLC
2019-04-05,48.349998474121094,48.36000061035156,48.16999816894531,48.31999969482422,47.23237228393555,2379700,XLC
2019-04-08,48.2599983215332,48.279998779296875,47.9900016784668,48.22999954223633,47.14439392089844,2340500,XLC
2019-04-09,48.119998931884766,48.439998626708984,48.11000061035156,48.36000061035156,47.27147674560547,4872800,XLC
2019-04-10,48.470001220703125,48.599998474121094,48.29999923706055,48.56999969482422,47.476741790771484,2265200,XLC
2019-04-11,48.65999984741211,48.720001220703125,48.51499938964844,48.599998474121094,47.50606918334961,2115300,XLC
2019-04-12,48.970001220703125,49.060001373291016,48.79499816894531,49.02000045776367,47.9166145324707,4894100,XLC
2019-04-15,49.029998779296875,49.064998626708984,48.689998626708984,48.97999954223633,47.87751388549805,2345700,XLC
2019-04-16,49.119998931884766,49.16999816894531,48.84000015258789,49.029998779296875,47.926387786865234,2157000,XLC
2019-04-17,49.220001220703125,49.244998931884766,49.0099983215332,49.119998931884766,48.01436996459961,2826000,XLC
2019-04-18,49.25,49.25,49.0099983215332,49.150001525878906,48.043697357177734,1755100,XLC
2019-04-22,49.04999923706055,49.369998931884766,49.00199890136719,49.369998931884766,48.25873947143555,2126800,XLC
2019-04-23,49.630001068115234,50.150001525878906,49.5099983215332,50.029998779296875,48.90388107299805,3929800,XLC
2019-04-24,50.040000915527344,50.04999923706055,49.720001220703125,49.79999923706055,48.67905807495117,3311500,XLC
2019-04-25,50.65999984741211,50.66999816894531,50.20000076293945,50.36000061035156,49.2264518737793,3064600,XLC
2019-04-26,50.4900016784668,50.779998779296875,50.22999954223633,50.7599983215332,49.61745071411133,2076600,XLC
2019-04-29,50.869998931884766,51.34000015258789,50.869998931884766,51.220001220703125,50.06709671020508,1340700,XLC
2019-04-30,50.279998779296875,50.41999816894531,49.8849983215332,50.06999969482422,48.9429817199707,3197100,XLC
2019-05-01,50.279998779296875,50.375,49.80500030517578,49.810001373291016,48.688838958740234,4262700,XLC
2019-05-02,49.849998474121094,49.970001220703125,49.189998626708984,49.61000061035156,48.49333572387695,4680800,XLC
2019-05-03,49.869998931884766,50.119998931884766,49.685001373291016,50.09000015258789,48.96253204345703,2050400,XLC
2019-05-06,49.27000045776367,50.09000015258789,49.2599983215332,50.0099983215332,48.88432312011719,3159800,XLC
2019-05-07,49.720001220703125,49.83000183105469,48.810001373291016,49.20000076293945,48.09256362915039,4342100,XLC
2019-05-08,49.220001220703125,49.40999984741211,49.06999969482422,49.119998931884766,48.01436996459961,3453500,XLC
2019-05-09,48.72999954223633,49.150001525878906,48.459999084472656,48.970001220703125,47.86773681640625,4241500,XLC
2019-05-10,48.869998931884766,49.28799819946289,48.16999816894531,49.11000061035156,48.00459289550781,2900500,XLC
2019-05-13,48.119998931884766,48.41999816894531,47.45000076293945,47.59000015258789,46.51880645751953,8211000,XLC
2019-05-14,47.869998931884766,48.279998779296875,47.540000915527344,47.86000061035156,46.7827262878418,5332000,XLC
2019-05-15,47.61000061035156,49.08000183105469,47.61000061035156,48.93000030517578,47.828643798828125,7292700,XLC
2019-05-16,48.959999084472656,49.61000061035156,48.88199996948242,49.36000061035156,48.248958587646484,4627100,XLC
2019-05-17,48.939998626708984,49.5099983215332,48.880001068115234,49.0,47.897071838378906,3662800,XLC
2019-05-20,48.5,48.58000183105469,48.060001373291016,48.189998626708984,47.10530090332031,3854100,XLC
2019-05-21,48.58000183105469,48.810001373291016,48.380001068115234,48.720001220703125,47.62337112426758,3023900,XLC
2019-05-22,48.56999969482422,48.9900016784668,48.56999969482422,48.66999816894531,47.57449722290039,2793700,XLC
2019-05-23,48.18000030517578,48.31999969482422,47.709999084472656,47.9900016784668,46.9098014831543,2570200,XLC
2019-05-24,48.27000045776367,48.41999816894531,47.95000076293945,47.97999954223633,46.9000244140625,3442300,XLC
2019-05-28,48.18000030517578,48.61000061035156,48.13999938964844,48.189998626708984,47.10530090332031,2793400,XLC
2019-05-29,47.9900016784668,48.04999923706055,47.505001068115234,47.720001220703125,46.64588165283203,2512500,XLC
2019-05-30,47.81999969482422,47.96699905395508,47.58000183105469,47.83000183105469,46.75339889526367,2520600,XLC
2019-05-31,47.27000045776367,47.38600158691406,47.02000045776367,47.09000015258789,46.03005599975586,2484800,XLC
2019-06-03,46.630001068115234,46.630001068115234,45.310001373291016,45.61000061035156,44.583377838134766,7155200,XLC
2019-06-04,45.9900016784668,46.59000015258789,45.66999816894531,46.59000015258789,45.54131317138672,7110700,XLC
2019-06-05,46.720001220703125,46.720001220703125,46.16999816894531,46.61000061035156,45.56086730957031,5526400,XLC
2019-06-06,46.70000076293945,46.88999938964844,46.44900131225586,46.810001373291016,45.75636672973633,3175900,XLC
2019-06-07,47.0099983215332,47.72999954223633,46.970001220703125,47.56999969482422,46.49924850463867,3345600,XLC
2019-06-10,47.869998931884766,48.040000915527344,47.459999084472656,47.529998779296875,46.46015548706055,5163000,XLC
2019-06-11,48.04999923706055,48.16999816894531,47.672000885009766,47.72999954223633,46.65565490722656,2869800,XLC
2019-06-12,47.709999084472656,47.900001525878906,47.32500076293945,47.5,46.43082809448242,2459400,XLC
2019-06-13,47.650001525878906,48.04999923706055,47.540000915527344,48.029998779296875,46.94890213012695,6500400,XLC
2019-06-14,48.11000061035156,48.2599983215332,47.939998626708984,48.119998931884766,47.0368766784668,2734900,XLC
2019-06-17,48.29999923706055,48.790000915527344,48.2599983215332,48.66999816894531,47.57449722290039,4248700,XLC
2019-06-18,49.33000183105469,49.56999969482422,48.869998931884766,48.939998626708984,47.83841323852539,3843500,XLC
2019-06-19,48.939998626708984,49.06999969482422,48.599998474121094,49.0,47.897071838378906,3319400,XLC
2019-06-20,49.61000061035156,49.63399887084961,48.959999084472656,49.310001373291016,48.200096130371094,3340000,XLC
2019-06-21,49.11000061035156,49.47999954223633,49.060001373291016,49.400001525878906,48.40389633178711,10006600,XLC
2019-06-24,49.4900016784668,49.619998931884766,49.31999969482422,49.52000045776367,48.521480560302734,5236900,XLC
2019-06-25,49.5,49.5,48.505001068115234,48.599998474121094,47.620025634765625,2431900,XLC
2019-06-26,48.75,48.959999084472656,48.31999969482422,48.40999984741211,47.4338493347168,2380900,XLC
2019-06-27,48.7400016784668,48.84000015258789,48.52000045776367,48.75,47.76700210571289,1984700,XLC
2019-06-28,48.880001068115234,49.2599983215332,48.720001220703125,49.220001220703125,48.22752380371094,6084800,XLC
2019-07-01,49.77000045776367,49.88999938964844,49.43000030517578,49.619998931884766,48.61946105957031,2851800,XLC
2019-07-02,49.63999938964844,50.11000061035156,49.63999938964844,50.08000183105469,49.070186614990234,2336600,XLC
2019-07-03,50.209999084472656,50.459999084472656,50.11000061035156,50.34000015258789,49.32494354248047,1260700,XLC
2019-07-05,50.189998626708984,50.47999954223633,49.86000061035156,50.40999984741211,49.393531799316406,3006100,XLC
2019-07-08,50.209999084472656,50.21500015258789,49.84000015258789,49.959999084472656,48.952598571777344,1152800,XLC
2019-07-09,49.779998779296875,50.349998474121094,49.709999084472656,50.27000045776367,49.2563591003418,1714900,XLC
2019-07-10,50.599998474121094,50.89500045776367,50.400001525878906,50.84000015258789,49.814849853515625,2294400,XLC
2019-07-11,50.95000076293945,51.06999969482422,50.65999984741211,50.869998931884766,49.8442497253418,5463100,XLC
2019-07-12,50.86000061035156,51.25,50.779998779296875,51.2400016784668,50.2067985534668,2621800,XLC
2019-07-15,51.27000045776367,51.310001373291016,50.970001220703125,51.25,50.216590881347656,4075900,XLC
2019-07-16,51.279998779296875,51.349998474121094,51.040000915527344,51.130001068115234,50.0990104675293,2540800,XLC
2019-07-17,51.150001525878906,51.220001220703125,50.650001525878906,50.650001525878906,49.62868881225586,4760700,XLC
2019-07-18,50.18000030517578,50.31999969482422,49.845001220703125,50.2400016784668,49.22695541381836,1813800,XLC
2019-07-19,50.45000076293945,50.45000076293945,49.54999923706055,49.59000015258789,48.590057373046875,1979600,XLC
2019-07-22,49.7400016784668,49.79999923706055,49.45500183105469,49.779998779296875,48.7762336730957,2391500,XLC
2019-07-23,49.939998626708984,49.97999954223633,49.5,49.970001220703125,48.96240234375,2624700,XLC
2019-07-24,49.599998474121094,50.459999084472656,49.560001373291016,50.40999984741211,49.393531799316406,1840700,XLC
2019-07-25,50.4900016784668,50.63999938964844,49.97999954223633,50.279998779296875,49.26614761352539,2192600,XLC
2019-07-26,51.16999816894531,51.869998931884766,51.13999938964844,51.720001220703125,50.67711639404297,5049700,XLC
2019-07-29,51.63999938964844,51.63999938964844,51.16999816894531,51.43000030517578,50.39295959472656,2582300,XLC
2019-07-30,51.11000061035156,51.39799880981445,51.040000915527344,51.189998626708984,50.15780258178711,2095800,XLC
2019-07-31,51.220001220703125,51.5099983215332,50.34000015258789,50.779998779296875,49.75606918334961,2090800,XLC
2019-08-01,50.91999816894531,51.599998474121094,50.33100128173828,50.540000915527344,49.52090835571289,4095700,XLC
2019-08-02,50.290000915527344,50.43000030517578,49.75,50.04999923706055,49.040794372558594,4656200,XLC
2019-08-05,49.09000015258789,49.2599983215332,47.970001220703125,48.43000030517578,47.453453063964844,6247900,XLC
2019-08-06,48.959999084472656,49.380001068115234,48.68000030517578,49.130001068115234,48.139339447021484,6548200,XLC
2019-08-07,48.54999923706055,49.30500030517578,48.16400146484375,49.189998626708984,48.19812774658203,3323300,XLC
2019-08-08,49.59000015258789,50.189998626708984,49.31999969482422,50.18000030517578,49.16817092895508,2456700,XLC
2019-08-09,49.880001068115234,50.08000183105469,49.310001373291016,49.619998931884766,48.61946105957031,1837100,XLC
2019-08-12,49.380001068115234,49.43000030517578,48.880001068115234,49.09000015258789,48.10014724731445,2329400,XLC
2019-08-13,49.040000915527344,50.290000915527344,48.97999954223633,49.810001373291016,48.80562973022461,4091700,XLC
2019-08-14,49.11000061035156,49.150001525878906,47.970001220703125,48.040000915527344,47.071319580078125,4532700,XLC
2019-08-15,48.20000076293945,48.369998931884766,47.779998779296875,48.119998931884766,47.14970779418945,3998600,XLC
2019-08-16,48.52000045776367,48.81999969482422,48.380001068115234,48.7400016784668,47.7572021484375,2499600,XLC
2019-08-19,49.310001373291016,49.709999084472656,49.27000045776367,49.5,48.50187683105469,2163500,XLC
2019-08-20,49.33000183105469,49.5099983215332,49.060001373291016,49.16999816894531,48.17853546142578,2156600,XLC
2019-08-21,49.5,49.59000015258789,49.29999923706055,49.36000061035156,48.36469268798828,2792300,XLC
2019-08-22,49.47999954223633,49.57500076293945,48.79999923706055,49.25,48.25692367553711,1649100,XLC
2019-08-23,49.0,49.380001068115234,47.73500061035156,47.900001525878906,46.93414306640625,4020300,XLC
2019-08-26,48.349998474121094,48.630001068115234,48.099998474121094,48.619998931884766,47.63961410522461,3155300,XLC
2019-08-27,49.099998474121094,49.16999816894531,48.560001373291016,48.709999084472656,47.727806091308594,3139100,XLC
2019-08-28,48.5099983215332,48.900001525878906,48.310001373291016,48.83000183105469,47.84539031982422,2088900,XLC
2019-08-29,49.34000015258789,49.7400016784668,49.220001220703125,49.59000015258789,48.590057373046875,2169000,XLC
2019-08-30,49.810001373291016,49.86000061035156,49.290000915527344,49.529998779296875,48.531272888183594,3045500,XLC
2019-09-03,49.189998626708984,49.51499938964844,48.90999984741211,49.040000915527344,48.0511589050293,3122100,XLC
2019-09-04,49.52000045776367,50.08000183105469,49.45500183105469,49.9900016784668,48.98200225830078,1865900,XLC
2019-09-05,50.47999954223633,50.89500045776367,50.38999938964844,50.84000015258789,49.814849853515625,3624600,XLC
2019-09-06,50.849998474121094,50.93000030517578,50.63999938964844,50.72999954223633,49.70707321166992,3445400,XLC
2019-09-09,51.0,51.20000076293945,50.61000061035156,50.88999938964844,49.86384582519531,6421800,XLC
2019-09-10,50.70000076293945,51.09000015258789,50.6349983215332,50.959999084472656,49.93243408203125,3638500,XLC
2019-09-11,51.0,51.310001373291016,50.95000076293945,51.22999954223633,50.196990966796875,6274100,XLC
2019-09-12,51.540000915527344,51.650001525878906,51.31100082397461,51.380001068115234,50.343971252441406,4014500,XLC
2019-09-13,51.380001068115234,51.5,51.18000030517578,51.290000915527344,50.25578308105469,3569400,XLC
2019-09-16,50.9900016784668,51.22999954223633,50.900001525878906,51.099998474121094,50.069610595703125,2527600,XLC
2019-09-17,51.09000015258789,51.15999984741211,50.810001373291016,51.150001525878906,50.118614196777344,4556200,XLC
2019-09-18,51.06999969482422,51.150001525878906,50.540000915527344,51.09000015258789,50.059818267822266,1741500,XLC
2019-09-19,51.189998626708984,51.439998626708984,50.9900016784668,51.13999938964844,50.10881042480469,2357900,XLC
2019-09-20,51.119998931884766,51.119998931884766,50.40999984741211,50.689998626708984,49.78372573852539,6357900,XLC
2019-09-23,50.52000045776367,50.650001525878906,50.2599983215332,50.5099983215332,49.6069450378418,2177300,XLC
2019-09-24,50.689998626708984,50.70000076293945,49.47999954223633,49.75,48.86053466796875,5371100,XLC
2019-09-25,49.720001220703125,50.40999984741211,49.380001068115234,50.31999969482422,49.420345306396484,2181200,XLC
2019-09-26,50.209999084472656,50.209999084472656,49.474998474121094,49.83000183105469,48.93910217285156,1793800,XLC
2019-09-27,49.91999816894531,49.93000030517578,48.88999938964844,49.27000045776367,48.38911056518555,1852900,XLC
2019-09-30,49.369998931884766,49.60499954223633,49.2760009765625,49.52000045776367,48.63465118408203,2466600,XLC
2019-10-01,49.650001525878906,49.790000915527344,48.939998626708984,49.02000045776367,48.143585205078125,2758700,XLC
2019-10-02,48.63999938964844,48.689998626708984,48.06999969482422,48.279998779296875,47.416812896728516,4405500,XLC
2019-10-03,48.31999969482422,48.790000915527344,47.720001220703125,48.75,47.87841033935547,6945800,XLC
2019-10-04,48.93000030517578,49.47999954223633,48.84000015258789,49.40999984741211,48.526615142822266,1920200,XLC
2019-10-07,49.279998779296875,49.72999954223633,49.13999938964844,49.40999984741211,48.526615142822266,1365500,XLC
2019-10-08,49.08000183105469,49.209999084472656,48.61000061035156,48.61000061035156,47.74091720581055,2431400,XLC
2019-10-09,48.90999984741211,49.08000183105469,48.744998931884766,48.900001525878906,48.02573013305664,4070600,XLC
2019-10-10,48.84000015258789,49.369998931884766,48.779998779296875,49.18000030517578,48.30072784423828,3093400,XLC
2019-10-11,49.650001525878906,50.20000076293945,49.63999938964844,49.7599983215332,48.87035369873047,4104900,XLC
2019-10-14,49.709999084472656,49.775001525878906,49.529998779296875,49.650001525878906,48.7623176574707,1246200,XLC
2019-10-15,49.72999954223633,50.61000061035156,49.65999984741211,50.5,49.597129821777344,2105200,XLC
2019-10-16,50.380001068115234,50.650001525878906,50.349998474121094,50.59000015258789,49.685516357421875,2285200,XLC
2019-10-17,50.9900016784668,51.0099983215332,50.70000076293945,50.88999938964844,49.98014831542969,2037200,XLC
2019-10-18,50.7599983215332,50.915000915527344,50.02000045776367,50.29999923706055,49.400699615478516,1958200,XLC
2019-10-21,50.5099983215332,50.7130012512207,50.452999114990234,50.599998474121094,49.69533157348633,1425400,XLC
2019-10-22,50.68000030517578,50.72999954223633,50.084999084472656,50.11000061035156,49.2140998840332,2433600,XLC
2019-10-23,50.099998474121094,50.54999923706055,50.099998474121094,50.5,49.597129821777344,1958500,XLC
2019-10-24,50.2400016784668,50.25,49.7599983215332,49.93000030517578,49.037322998046875,2444800,XLC
2019-10-25,50.0,50.58000183105469,49.900001525878906,50.31999969482422,49.420345306396484,1210800,XLC
2019-10-28,50.58000183105469,50.939998626708984,50.540000915527344,50.790000915527344,49.8819465637207,2882900,XLC
2019-10-29,50.689998626708984,50.77000045776367,50.2400016784668,50.33000183105469,49.4301643371582,1788600,XLC
2019-10-30,50.45000076293945,50.61000061035156,50.095001220703125,50.470001220703125,49.567665100097656,3900600,XLC
2019-10-31,50.84000015258789,50.84000015258789,50.16999816894531,50.619998931884766,49.7149772644043,4059900,XLC
2019-11-01,50.90999984741211,50.959999084472656,50.560001373291016,50.95000076293945,50.03908157348633,3450700,XLC
2019-11-04,51.119998931884766,51.314998626708984,51.029998779296875,51.22999954223633,50.31407165527344,4650500,XLC
2019-11-05,51.27000045776367,51.369998931884766,51.150001525878906,51.25,50.33371353149414,1886900,XLC
2019-11-06,51.25,51.27000045776367,50.84000015258789,51.06999969482422,50.15693664550781,2288300,XLC
2019-11-07,51.279998779296875,51.75,51.20000076293945,51.38999938964844,50.471214294433594,1976200,XLC
2019-11-08,51.380001068115234,51.689998626708984,51.310001373291016,51.529998779296875,50.60870361328125,1537500,XLC
2019-11-11,51.25,51.36000061035156,51.15999984741211,51.290000915527344,50.37299346923828,1133400,XLC
2019-11-12,51.34000015258789,51.529998779296875,51.209999084472656,51.349998474121094,50.43192672729492,6801000,XLC
2019-11-13,51.22999954223633,51.45500183105469,51.119998931884766,51.33000183105469,50.41229248046875,1471400,XLC
2019-11-14,51.29999923706055,51.65999984741211,51.22999954223633,51.560001373291016,50.6381721496582,1526200,XLC
2019-11-15,51.84000015258789,52.0099983215332,51.66999816894531,51.9900016784668,51.06048583984375,2798500,XLC
2019-11-18,51.90999984741211,52.2599983215332,51.630001068115234,52.16999816894531,51.237266540527344,1833000,XLC
2019-11-19,52.31999969482422,52.31999969482422,51.939998626708984,52.20000076293945,51.26673889160156,2134400,XLC
2019-11-20,51.959999084472656,52.13999938964844,51.47999954223633,51.880001068115234,50.952449798583984,2428600,XLC
2019-11-21,51.93000030517578,52.20000076293945,51.73500061035156,52.02000045776367,51.0899543762207,1374400,XLC
2019-11-22,52.11000061035156,52.13999938964844,51.810001373291016,52.040000915527344,51.10959243774414,1623200,XLC
2019-11-25,52.209999084472656,52.26499938964844,52.09000015258789,52.20000076293945,51.26673889160156,2358700,XLC
2019-11-26,52.310001373291016,52.38999938964844,52.119998931884766,52.369998931884766,51.433692932128906,2146600,XLC
2019-11-27,52.529998779296875,52.79999923706055,52.45000076293945,52.7400016784668,51.797080993652344,3416700,XLC
2019-11-29,52.619998931884766,52.75,52.5099983215332,52.560001373291016,51.620296478271484,2396400,XLC
2019-12-02,52.61000061035156,52.70000076293945,51.75,52.060001373291016,51.129234313964844,4503300,XLC
2019-12-03,51.560001373291016,52.005001068115234,51.29999923706055,51.959999084472656,51.03102493286133,3795500,XLC
2019-12-04,52.25,52.404998779296875,52.08000183105469,52.22999954223633,51.296199798583984,4519600,XLC
2019-12-05,52.459999084472656,52.470001220703125,52.11000061035156,52.45000076293945,51.51226043701172,3688600,XLC
2019-12-06,52.79999923706055,52.83000183105469,52.630001068115234,52.7599983215332,51.81671905517578,4971800,XLC
2019-12-09,52.66999816894531,53.04999923706055,52.540000915527344,52.560001373291016,51.620296478271484,3016100,XLC
2019-12-10,52.540000915527344,52.59000015258789,52.2400016784668,52.380001068115234,51.44350814819336,6432200,XLC
2019-12-11,52.5,52.65999984741211,52.41999816894531,52.619998931884766,51.67921829223633,1436500,XLC
2019-12-12,52.63999938964844,53.060001373291016,52.400001525878906,52.68000030517578,51.73815155029297,2866800,XLC
2019-12-13,52.66999816894531,52.78499984741211,52.334999084472656,52.560001373291016,51.620296478271484,2834400,XLC
2019-12-16,52.849998474121094,53.150001525878906,52.849998474121094,53.08000183105469,52.13099670410156,5780800,XLC
2019-12-17,53.08000183105469,53.209999084472656,52.939998626708984,53.029998779296875,52.08189010620117,3222500,XLC
2019-12-18,53.209999084472656,53.57099914550781,53.150001525878906,53.38999938964844,52.43545150756836,1862800,XLC
2019-12-19,53.43000030517578,53.880001068115234,53.43000030517578,53.880001068115234,52.91670227050781,1873000,XLC
2019-12-20,54.04999923706055,54.084999084472656,53.650001525878906,53.93000030517578,53.08106994628906,3109700,XLC
2019-12-23,54.08000183105469,54.14500045776367,53.755001068115234,53.790000915527344,52.943267822265625,3248600,XLC
2019-12-24,53.849998474121094,53.88999938964844,53.73500061035156,53.779998779296875,52.93342590332031,891200,XLC
2019-12-26,53.849998474121094,54.189998626708984,53.849998474121094,54.189998626708984,53.33697509765625,830200,XLC
2019-12-27,54.31999969482422,54.349998474121094,53.97999954223633,54.09000015258789,53.238548278808594,3205000,XLC
2019-12-30,54.11000061035156,54.11000061035156,53.470001220703125,53.529998779296875,52.68736267089844,2141300,XLC
2019-12-31,53.439998626708984,53.70000076293945,53.380001068115234,53.630001068115234,52.78579330444336,2049700,XLC
2020-01-02,53.970001220703125,54.2599983215332,53.7400016784668,54.2599983215332,53.40586853027344,6379500,XLC
2020-01-03,53.66999816894531,54.20000076293945,53.560001373291016,53.90999984741211,53.06138610839844,2351400,XLC
2020-01-06,53.61000061035156,54.66999816894531,53.599998474121094,54.630001068115234,53.770050048828125,2535900,XLC
2020-01-07,54.689998626708984,54.90999984741211,54.5099983215332,54.70000076293945,53.83894729614258,2642800,XLC
2020-01-08,54.72999954223633,55.3650016784668,54.65999984741211,55.09000015258789,54.222801208496094,4161200,XLC
2020-01-09,55.529998779296875,55.55500030517578,55.095001220703125,55.380001068115234,54.508243560791016,2297100,XLC
2020-01-10,55.59000015258789,55.59000015258789,55.08000183105469,55.15999984741211,54.29170608520508,1941800,XLC
2020-01-13,55.41999816894531,55.709999084472656,55.18000030517578,55.68000030517578,54.80351638793945,2854000,XLC
2020-01-14,55.66999816894531,55.78499984741211,55.470001220703125,55.540000915527344,54.66572570800781,2909600,XLC
2020-01-15,55.68000030517578,55.91999816894531,55.59299850463867,55.810001373291016,54.93147277832031,2136800,XLC
2020-01-16,56.04999923706055,56.2400016784668,55.869998931884766,56.2400016784668,55.354705810546875,2031600,XLC
2020-01-17,56.47999954223633,56.69499969482422,56.29999923706055,56.68000030517578,55.787776947021484,6103700,XLC
2020-01-21,56.58000183105469,56.72600173950195,56.34000015258789,56.630001068115234,55.738563537597656,3182000,XLC
2020-01-22,56.869998931884766,56.904998779296875,56.540000915527344,56.599998474121094,55.70903396606445,4542800,XLC
2020-01-23,56.5,56.529998779296875,56.209999084472656,56.369998931884766,55.482662200927734,1985600,XLC
2020-01-24,56.5099983215332,56.5099983215332,55.43000030517578,55.689998626708984,54.81336212158203,3175800,XLC
2020-01-27,54.650001525878906,55.029998779296875,54.5099983215332,54.81999969482422,53.95705795288086,5708800,XLC
2020-01-28,55.16999816894531,55.67499923706055,54.90999984741211,55.45000076293945,54.57714080810547,6526600,XLC
2020-01-29,55.7599983215332,55.7599983215332,55.15999984741211,55.36000061035156,54.488555908203125,5983800,XLC
2020-01-30,54.11000061035156,54.83000183105469,53.9739990234375,54.79999923706055,53.93737030029297,3163200,XLC
2020-01-31,54.79999923706055,54.79999923706055,53.790000915527344,53.90999984741211,53.06138610839844,3635500,XLC
2020-02-03,54.349998474121094,54.810001373291016,54.349998474121094,54.54999923706055,53.69130325317383,5905700,XLC
2020-02-04,54.77000045776367,55.1510009765625,54.34000015258789,55.119998931884766,54.25233840942383,3504000,XLC
2020-02-05,55.599998474121094,55.650001525878906,54.91999816894531,55.209999084472656,54.34092330932617,3771700,XLC
2020-02-06,55.47999954223633,55.994998931884766,55.47999954223633,55.900001525878906,55.020057678222656,1998100,XLC
2020-02-07,55.720001220703125,56.060001373291016,55.54999923706055,55.86000061035156,54.980682373046875,2698600,XLC
2020-02-10,55.72999954223633,56.20000076293945,55.689998626708984,56.189998626708984,55.30549240112305,4420500,XLC
2020-02-11,56.47999954223633,56.560001373291016,56.060001373291016,56.130001068115234,55.246437072753906,1703300,XLC
2020-02-12,56.40999984741211,56.939998626708984,56.38999938964844,56.86000061035156,55.96494674682617,1730200,XLC
2020-02-13,56.540000915527344,57.084999084472656,56.40999984741211,56.869998931884766,55.974788665771484,2761600,XLC
2020-02-14,56.91999816894531,57.029998779296875,56.70500183105469,56.939998626708984,56.04368591308594,2111700,XLC
2020-02-18,56.81999969482422,57.435001373291016,56.810001373291016,57.31999969482422,56.41770553588867,2952900,XLC
2020-02-19,57.529998779296875,57.75,57.310001373291016,57.58000183105469,56.673614501953125,4301800,XLC
2020-02-20,57.33000183105469,57.375,56.459999084472656,56.9900016784668,56.092899322509766,2939000,XLC
2020-02-21,56.72999954223633,56.81999969482422,55.959999084472656,56.119998931884766,55.23659133911133,2927400,XLC
2020-02-24,54.400001525878906,54.779998779296875,53.849998474121094,54.2400016784668,53.38618469238281,5297200,XLC
2020-02-25,54.43000030517578,54.65999984741211,52.689998626708984,52.790000915527344,51.959007263183594,13048800,XLC
2020-02-26,53.099998474121094,53.76100158691406,52.400001525878906,52.689998626708984,51.86058044433594,6991500,XLC
2020-02-27,51.68000030517578,52.40999984741211,50.61000061035156,50.61000061035156,49.81332778930664,8635300,XLC
2020-02-28,49.20000076293945,50.849998474121094,49.040000915527344,50.7599983215332,49.96096420288086,17880300,XLC
2020-03-02,51.290000915527344,52.52000045776367,50.439998626708984,52.52000045776367,51.693267822265625,7324000,XLC
2020-03-03,52.59000015258789,53.209999084472656,50.47999954223633,50.790000915527344,49.990501403808594,9167600,XLC
2020-03-04,51.65999984741211,52.650001525878906,51.16999816894531,52.619998931884766,51.79167938232422,3398100,XLC
2020-03-05,51.439998626708984,51.7599983215332,50.31999969482422,50.70000076293945,49.901912689208984,4009100,XLC
2020-03-06,49.08000183105469,50.08000183105469,48.619998931884766,49.81999969482422,49.035770416259766,6736400,XLC
2020-03-09,46.54999923706055,48.20000076293945,45.0,46.5,45.76802444458008,6080000,XLC
2020-03-10,48.060001373291016,48.88999938964844,46.380001068115234,48.869998931884766,48.1007194519043,5108100,XLC
2020-03-11,47.689998626708984,47.93000030517578,46.08000183105469,46.77000045776367,46.03377151489258,5854600,XLC
2020-03-12,43.7599983215332,45.38999938964844,41.04999923706055,42.380001068115234,41.71288299560547,9472200,XLC
2020-03-13,45.0099983215332,46.25,42.630001068115234,46.189998626708984,45.4629020690918,7604700,XLC
2020-03-16,39.5099983215332,43.689998626708984,39.11000061035156,40.97999954223633,40.33491516113281,19813500,XLC
2020-03-17,41.79999923706055,43.459999084472656,40.150001525878906,42.7599983215332,42.08689498901367,14016600,XLC
2020-03-18,40.29999923706055,41.689998626708984,38.68000030517578,41.34000015258789,40.68925094604492,18094800,XLC
2020-03-19,41.0099983215332,43.52000045776367,40.20000076293945,42.08000183105469,41.417606353759766,14289200,XLC
2020-03-20,42.869998931884766,42.91999816894531,40.04999923706055,40.220001220703125,39.58688735961914,10077800,XLC
2020-03-23,40.0099983215332,41.16999816894531,39.029998779296875,40.31999969482422,39.797115325927734,15113800,XLC
2020-03-24,42.31999969482422,42.79999923706055,41.470001220703125,42.79999923706055,42.24496078491211,6497900,XLC
2020-03-25,42.65999984741211,43.95000076293945,41.41999816894531,42.13999938964844,41.59352111816406,5291400,XLC
2020-03-26,42.47999954223633,44.72999954223633,42.369998931884766,44.540000915527344,43.96239471435547,4691000,XLC
2020-03-27,43.279998779296875,43.935001373291016,42.59000015258789,42.7599983215332,42.20547103881836,3378100,XLC
2020-03-30,43.15999984741211,44.470001220703125,42.689998626708984,44.31999969482422,43.745243072509766,3025600,XLC
2020-03-31,44.310001373291016,45.03499984741211,43.94900131225586,44.2400016784668,43.66628646850586,4777200,XLC
2020-04-01,42.95000076293945,43.45000076293945,42.08000183105469,42.47999954223633,41.92911148071289,5481200,XLC
2020-04-02,42.29999923706055,43.290000915527344,42.2400016784668,43.02000045776367,42.46210479736328,4537200,XLC
2020-04-03,42.939998626708984,43.11000061035156,41.59000015258789,42.150001525878906,41.60338592529297,3071800,XLC
2020-04-06,43.72999954223633,45.16999816894531,43.47999954223633,44.93000030517578,44.34733581542969,3294700,XLC
2020-04-07,46.310001373291016,46.45000076293945,45.119998931884766,45.2599983215332,44.67304992675781,3694300,XLC
2020-04-08,45.7599983215332,46.439998626708984,45.290000915527344,46.22999954223633,45.63047790527344,2628200,XLC
2020-04-09,46.79999923706055,47.060001373291016,46.08000183105469,46.56999969482422,45.966068267822266,3256500,XLC
2020-04-13,46.45000076293945,46.72999954223633,45.560001373291016,46.63999938964844,46.035152435302734,2606200,XLC
2020-04-14,47.61000061035156,48.34600067138672,47.31999969482422,48.02000045776367,47.39725875854492,5554200,XLC
2020-04-15,47.18000030517578,47.970001220703125,46.97999954223633,47.56999969482422,46.953094482421875,1969100,XLC
2020-04-16,47.91999816894531,47.91999816894531,47.08000183105469,47.7599983215332,47.14063262939453,2475600,XLC
2020-04-17,48.599998474121094,48.599998474121094,47.7599983215332,48.40999984741211,47.78221130371094,3348400,XLC
2020-04-20,47.959999084472656,48.560001373291016,47.79999923706055,47.970001220703125,47.34791564941406,1948500,XLC
2020-04-21,47.349998474121094,47.43600082397461,46.119998931884766,46.459999084472656,45.85749053955078,4167700,XLC
2020-04-22,47.68000030517578,48.060001373291016,47.22999954223633,47.709999084472656,47.09128189086914,2151700,XLC
2020-04-23,47.939998626708984,48.630001068115234,47.779998779296875,48.04999923706055,47.42687225341797,2486900,XLC
2020-04-24,47.95000076293945,48.689998626708984,47.5,48.65999984741211,48.02895736694336,2693000,XLC
2020-04-27,49.13999938964844,49.29999923706055,48.915000915527344,49.060001373291016,48.42377471923828,2022300,XLC
2020-04-28,49.560001373291016,49.560001373291016,48.09000015258789,48.16999816894531,47.545318603515625,2583000,XLC
2020-04-29,49.900001525878906,50.959999084472656,49.79999923706055,50.5,49.8451042175293,3551600,XLC
2020-04-30,50.529998779296875,50.849998474121094,49.85200119018555,50.279998779296875,49.627952575683594,3663100,XLC
2020-05-01,49.75,50.310001373291016,49.16699981689453,49.58000183105469,48.93703842163086,2793500,XLC
2020-05-04,49.27000045776367,49.939998626708984,49.0,49.869998931884766,49.2232666015625,3721800,XLC
2020-05-05,50.279998779296875,50.70000076293945,50.029998779296875,50.130001068115234,49.47990036010742,2261500,XLC
2020-05-06,50.540000915527344,50.630001068115234,49.970001220703125,49.9900016784668,49.34171676635742,2486000,XLC
2020-05-07,50.72999954223633,51.119998931884766,50.560001373291016,50.93000030517578,50.26952362060547,3207200,XLC
2020-05-08,51.54999923706055,51.93000030517578,51.25,51.86000061035156,51.18746566772461,4640700,XLC
2020-05-11,51.540000915527344,52.25,51.42399978637695,51.88999938964844,51.21707534790039,2269700,XLC
2020-05-12,52.04999923706055,52.13999938964844,50.869998931884766,50.880001068115234,50.22017288208008,13806400,XLC
2020-05-13,50.849998474121094,50.9900016784668,49.33000183105469,50.0099983215332,49.3614501953125,4338800,XLC
2020-05-14,49.59000015258789,50.54999923706055,49.05799865722656,50.54999923706055,49.89445495605469,3219800,XLC
2020-05-15,50.13999938964844,51.25,49.88999938964844,51.25,50.58537673950195,3938600,XLC
2020-05-18,51.81999969482422,52.61000061035156,51.66999816894531,52.33000183105469,51.651371002197266,2852300,XLC
2020-05-19,52.2599983215332,52.93000030517578,52.08000183105469,52.31999969482422,51.64149856567383,5526800,XLC
2020-05-20,53.08000183105469,53.900001525878906,53.040000915527344,53.77000045776367,53.072696685791016,4532500,XLC
2020-05-21,54.0,54.18000030517578,53.33000183105469,53.38999938964844,52.6976203918457,4016100,XLC
2020-05-22,53.369998931884766,53.79999923706055,53.09000015258789,53.709999084472656,53.01347351074219,3870900,XLC
2020-05-26,54.7400016784668,54.790000915527344,53.779998779296875,53.86000061035156,53.161529541015625,3651100,XLC
2020-05-27,53.900001525878906,54.2400016784668,52.89500045776367,54.2400016784668,53.536598205566406,5946600,XLC
2020-05-28,53.77000045776367,54.599998474121094,53.599998474121094,53.72999954223633,53.0332145690918,4074500,XLC
2020-05-29,53.70000076293945,54.16999816894531,53.14500045776367,54.02000045776367,53.319454193115234,6113400,XLC
2020-06-01,53.88999938964844,54.720001220703125,53.790000915527344,54.63999938964844,53.93141555786133,6930100,XLC
2020-06-02,54.70000076293945,54.880001068115234,54.06999969482422,54.86000061035156,54.14856719970703,3468600,XLC
2020-06-03,55.0,55.20500183105469,54.83000183105469,55.029998779296875,54.31635284423828,3217000,XLC
2020-06-04,54.880001068115234,55.11000061035156,54.220001220703125,54.619998931884766,53.91167449951172,2235300,XLC
2020-06-05,54.9900016784668,55.900001525878906,54.97999954223633,55.5099983215332,54.790122985839844,2784300,XLC
2020-06-08,55.52000045776367,56.59000015258789,55.369998931884766,56.54999923706055,55.81664276123047,3216000,XLC
2020-06-09,56.25,56.66999816894531,56.11000061035156,56.40999984741211,55.67845916748047,3549200,XLC
2020-06-10,56.7599983215332,56.79999923706055,55.86000061035156,56.2400016784668,55.51066589355469,2638100,XLC
2020-06-11,54.959999084472656,55.34000015258789,53.529998779296875,53.650001525878906,52.95425796508789,4669100,XLC
2020-06-12,54.83000183105469,55.029998779296875,53.11000061035156,54.119998931884766,53.41815185546875,4944200,XLC
2020-06-15,53.33000183105469,55.18000030517578,53.2400016784668,54.9900016784668,54.27687454223633,4114300,XLC
2020-06-16,56.09000015258789,56.11000061035156,54.650001525878906,55.439998626708984,54.721038818359375,4335600,XLC
2020-06-17,55.560001373291016,55.93000030517578,55.06999969482422,55.5099983215332,54.790122985839844,2621400,XLC
2020-06-18,55.400001525878906,55.72999954223633,55.27000045776367,55.689998626708984,54.967796325683594,4696300,XLC
2020-06-19,56.36000061035156,56.36000061035156,55.130001068115234,55.540000915527344,54.81974411010742,4740400,XLC
2020-06-22,55.380001068115234,55.630001068115234,55.18600082397461,55.54999923706055,54.94040298461914,1995800,XLC
2020-06-23,55.90999984741211,56.47999954223633,55.709999084472656,55.90999984741211,55.29645538330078,4896900,XLC
2020-06-24,55.720001220703125,55.849998474121094,54.150001525878906,54.650001525878906,54.05027770996094,7736200,XLC
2020-06-25,54.61000061035156,55.0099983215332,54.06999969482422,54.88999938964844,54.28764343261719,4779400,XLC
2020-06-26,54.560001373291016,54.61000061035156,52.369998931884766,52.470001220703125,51.89419937133789,6241400,XLC
2020-06-29,52.18000030517578,53.439998626708984,51.92499923706055,53.439998626708984,52.853553771972656,3508300,XLC
2020-06-30,53.41999816894531,54.20000076293945,53.16999816894531,54.040000915527344,53.44697189331055,2815900,XLC
2020-07-01,54.220001220703125,55.59000015258789,54.18000030517578,55.380001068115234,54.77226638793945,5156500,XLC
2020-07-02,55.880001068115234,55.970001220703125,55.119998931884766,55.20000076293945,54.594242095947266,2252800,XLC
2020-07-06,55.81999969482422,56.38999938964844,55.650001525878906,56.310001373291016,55.69206237792969,2082200,XLC
2020-07-07,56.16999816894531,56.97999954223633,56.07400131225586,56.150001525878906,55.533817291259766,2392300,XLC
2020-07-08,56.220001220703125,56.75,55.79499816894531,56.650001525878906,56.0283317565918,3106800,XLC
2020-07-09,56.88999938964844,56.95000076293945,55.83000183105469,56.720001220703125,56.097564697265625,3453700,XLC
2020-07-10,56.68000030517578,57.7400016784668,56.37799835205078,57.70000076293945,57.066810607910156,2429100,XLC
2020-07-13,58.15999984741211,58.415000915527344,56.349998474121094,56.540000915527344,55.91953659057617,2954700,XLC
2020-07-14,55.970001220703125,57.15999984741211,55.724998474121094,57.099998474121094,56.473392486572266,3719800,XLC
2020-07-15,57.349998474121094,57.66999816894531,56.81999969482422,57.439998626708984,56.80965805053711,3089200,XLC
2020-07-16,56.939998626708984,57.619998931884766,56.72999954223633,57.540000915527344,56.90856170654297,2216700,XLC
2020-07-17,57.54999923706055,57.58000183105469,56.810001373291016,57.40999984741211,56.779991149902344,1928900,XLC
2020-07-20,57.310001373291016,58.22999954223633,56.849998474121094,58.099998474121094,57.46241760253906,2205300,XLC
2020-07-21,58.47999954223633,58.529998779296875,57.65999984741211,57.81999969482422,57.185489654541016,2228100,XLC
2020-07-22,57.810001373291016,57.92499923706055,57.46500015258789,57.880001068115234,57.244834899902344,1528700,XLC
2020-07-23,57.9900016784668,58.130001068115234,56.63999938964844,56.939998626708984,56.315147399902344,2271200,XLC
2020-07-24,56.54999923706055,57.0260009765625,56.2599983215332,56.849998474121094,56.226131439208984,3291800,XLC
2020-07-27,57.060001373291016,57.31999969482422,56.757999420166016,57.2400016784668,56.61185836791992,1556100,XLC
2020-07-28,57.08000183105469,57.290000915527344,56.560001373291016,56.650001525878906,56.0283317565918,1818100,XLC
2020-07-29,56.93000030517578,57.32500076293945,56.720001220703125,57.16999816894531,56.542625427246094,1720600,XLC
2020-07-30,56.630001068115234,57.43000030517578,56.349998474121094,57.33000183105469,56.70086669921875,2202100,XLC
2020-07-31,58.380001068115234,58.380001068115234,57.23500061035156,58.130001068115234,57.49209213256836,2741700,XLC
2020-08-03,58.279998779296875,58.349998474121094,57.757999420166016,58.18000030517578,57.54153823852539,2335700,XLC
2020-08-04,58.15999984741211,58.560001373291016,58.15999984741211,58.54999923706055,57.9074821472168,2829100,XLC
2020-08-05,58.720001220703125,58.810001373291016,58.290000915527344,58.459999084472656,57.81846618652344,1874200,XLC
2020-08-06,58.54999923706055,60.060001373291016,58.45000076293945,60.0,59.3415641784668,2277200,XLC
2020-08-07,59.849998474121094,60.880001068115234,59.43000030517578,59.93000030517578,59.272335052490234,2525900,XLC
2020-08-10,59.90999984741211,60.459999084472656,59.150001525878906,59.72999954223633,59.074527740478516,4230300,XLC
2020-08-11,59.65999984741211,60.01499938964844,58.720001220703125,58.84000015258789,58.194297790527344,3121200,XLC
2020-08-12,59.16999816894531,59.90999984741211,59.16999816894531,59.540000915527344,58.886619567871094,6266000,XLC
2020-08-13,59.599998474121094,60.268001556396484,59.569000244140625,59.84000015258789,59.18332290649414,1707300,XLC
2020-08-14,59.88999938964844,60.0099983215332,59.630001068115234,59.83000183105469,59.17343521118164,1205100,XLC
2020-08-17,60.060001373291016,60.060001373291016,59.689998626708984,59.900001525878906,59.242671966552734,1179400,XLC
2020-08-18,60.060001373291016,60.630001068115234,59.79499816894531,60.439998626708984,59.77674102783203,1353100,XLC
2020-08-19,60.4900016784668,60.939998626708984,60.130001068115234,60.27000045776367,59.608604431152344,2143500,XLC
2020-08-20,60.029998779296875,61.09000015258789,59.994998931884766,61.02000045776367,60.35037612915039,7930600,XLC
2020-08-21,60.880001068115234,61.06999969482422,60.540000915527344,60.75,60.08333969116211,2003100,XLC
2020-08-24,61.189998626708984,61.7599983215332,61.112998962402344,61.4900016784668,60.815216064453125,3340600,XLC
2020-08-25,61.5099983215332,62.17499923706055,61.36000061035156,62.06999969482422,61.38884735107422,4156100,XLC
2020-08-26,62.20000076293945,64.26000213623047,62.18000030517578,64.19000244140625,63.485591888427734,3234100,XLC
2020-08-27,64.1500015258789,64.15399932861328,63.165000915527344,63.40999984741211,62.714149475097656,5037200,XLC
2020-08-28,63.56999969482422,63.65999984741211,63.22999954223633,63.560001373291016,62.86249923706055,1819300,XLC
2020-08-31,63.5,63.689998626708984,63.16999816894531,63.2599983215332,62.565792083740234,2728400,XLC
2020-09-01,63.380001068115234,63.9370002746582,63.119998931884766,63.779998779296875,63.080081939697266,4703000,XLC
2020-09-02,64.1500015258789,65.33999633789062,63.88999938964844,65.13999938964844,64.4251480102539,4321700,XLC
2020-09-03,64.55999755859375,64.70999908447266,62.185001373291016,62.93000030517578,62.239418029785156,7536500,XLC
2020-09-04,62.61000061035156,62.959999084472656,60.16999816894531,61.779998779296875,61.102027893066406,10039900,XLC
2020-09-08,60.2599983215332,61.01499938964844,60.02000045776367,60.150001525878906,59.48992156982422,8138700,XLC
2020-09-09,60.970001220703125,61.45000076293945,60.220001220703125,60.869998931884766,60.20201873779297,4940700,XLC
2020-09-10,61.2400016784668,61.70000076293945,59.790000915527344,59.970001220703125,59.311893463134766,4882100,XLC
2020-09-11,60.34000015258789,60.51300048828125,59.119998931884766,59.779998779296875,59.12398147583008,5509000,XLC
2020-09-14,60.43000030517578,61.130001068115234,59.97999954223633,60.0099983215332,59.35145950317383,3241600,XLC
2020-09-15,60.65999984741211,61.369998931884766,60.47999954223633,61.08000183105469,60.40971374511719,2024000,XLC
2020-09-16,61.08000183105469,61.560001373291016,60.31999969482422,60.41999816894531,59.756954193115234,2368600,XLC
2020-09-17,59.369998931884766,59.84000015258789,58.58000183105469,59.310001373291016,58.65913772583008,4600500,XLC
2020-09-18,59.650001525878906,59.68000030517578,57.959999084472656,58.7400016784668,58.095394134521484,4665400,XLC
2020-09-21,57.68000030517578,58.119998931884766,57.064998626708984,57.93000030517578,57.415489196777344,7845700,XLC
2020-09-22,58.459999084472656,59.16999816894531,58.02000045776367,59.04999923706055,58.52553939819336,2304600,XLC
2020-09-23,59.16999816894531,59.290000915527344,57.470001220703125,57.63999938964844,57.12806701660156,3913000,XLC
2020-09-24,57.279998779296875,58.290000915527344,57.18000030517578,57.75,57.23708724975586,2944900,XLC
2020-09-25,57.68000030517578,58.72100067138672,57.22999954223633,58.52000045776367,58.00025177001953,1879800,XLC
2020-09-28,59.400001525878906,59.5099983215332,58.849998474121094,59.29999923706055,58.773319244384766,2016800,XLC
2020-09-29,59.369998931884766,59.595001220703125,59.029998779296875,59.36000061035156,58.832786560058594,3249100,XLC
2020-09-30,59.41999816894531,60.0,59.06999969482422,59.400001525878906,58.87242889404297,2884000,XLC
2020-10-01,59.88999938964844,60.3849983215332,59.79999923706055,60.25,59.71488571166992,7536600,XLC
2020-10-02,59.279998779296875,59.900001525878906,58.81999969482422,59.060001373291016,58.53545379638672,3320200,XLC
2020-10-05,59.43000030517578,60.060001373291016,59.349998474121094,60.029998779296875,59.4968376159668,2122200,XLC
2020-10-06,59.75,60.06999969482422,58.66999816894531,58.77000045776367,58.24802780151367,2198400,XLC
2020-10-07,59.279998779296875,59.380001068115234,58.650001525878906,59.20000076293945,58.6742057800293,2063400,XLC
2020-10-08,59.5099983215332,60.0,59.5099983215332,59.970001220703125,59.43737030029297,1352300,XLC
2020-10-09,60.279998779296875,60.40999984741211,60.08000183105469,60.33000183105469,59.79417037963867,1838300,XLC
2020-10-12,61.220001220703125,62.58000183105469,60.98500061035156,61.91999816894531,61.37004852294922,3935600,XLC
2020-10-13,62.2400016784668,62.310001373291016,61.689998626708984,61.97999954223633,61.42951583862305,2581900,XLC
2020-10-14,62.2400016784668,62.290000915527344,61.060001373291016,61.2400016784668,60.69609451293945,1999800,XLC
2020-10-15,60.5099983215332,60.90999984741211,60.25,60.77000045776367,60.230262756347656,1700200,XLC
2020-10-16,61.16999816894531,61.400001525878906,60.685001373291016,60.779998779296875,60.24018096923828,2932200,XLC
2020-10-19,61.0,61.19499969482422,59.46500015258789,59.689998626708984,59.159854888916016,3320800,XLC
2020-10-20,59.81999969482422,60.63999938964844,59.56999969482422,60.119998931884766,59.586036682128906,4365000,XLC
2020-10-21,60.86000061035156,61.70000076293945,60.709999084472656,61.130001068115234,60.58707046508789,3262000,XLC
2020-10-22,61.33000183105469,61.672000885009766,60.71500015258789,61.529998779296875,60.983516693115234,2492900,XLC
2020-10-23,61.7400016784668,62.130001068115234,61.279998779296875,62.11000061035156,61.55836486816406,1839900,XLC
2020-10-26,61.56999969482422,61.86000061035156,60.17499923706055,60.75,60.210445404052734,2771500,XLC
2020-10-27,60.9900016784668,61.310001373291016,60.6349983215332,61.13999938964844,60.59697341918945,1582100,XLC
2020-10-28,60.06999969482422,60.13999938964844,58.65999984741211,58.7400016784668,58.21829605102539,4236400,XLC
2020-10-29,59.439998626708984,60.78499984741211,59.150001525878906,60.220001220703125,59.685150146484375,3172900,XLC
2020-10-30,60.369998931884766,60.72999954223633,58.56999969482422,59.20000076293945,58.6742057800293,3421000,XLC
2020-11-02,59.630001068115234,60.16999816894531,58.680999755859375,59.16999816894531,58.64447021484375,3668600,XLC
2020-11-03,59.630001068115234,60.56999969482422,59.40999984741211,60.04999923706055,59.516658782958984,3494500,XLC
2020-11-04,61.72999954223633,63.11000061035156,61.630001068115234,62.63999938964844,62.08366012573242,4571200,XLC
2020-11-05,63.709999084472656,64.29000091552734,63.2599983215332,63.849998474121094,63.28290557861328,3258000,XLC
2020-11-06,63.88999938964844,63.88999938964844,63.0099983215332,63.70000076293945,63.13424301147461,5735300,XLC
2020-11-09,64.66000366210938,64.8499984741211,63.119998931884766,63.15999984741211,62.59904098510742,6021600,XLC
2020-11-10,62.459999084472656,63.15999984741211,61.86000061035156,62.959999084472656,62.40081787109375,12894000,XLC
2020-11-11,63.400001525878906,63.61000061035156,63.20000076293945,63.529998779296875,62.96574783325195,5063100,XLC
2020-11-12,63.4900016784668,63.84000015258789,62.939998626708984,63.16999816894531,62.608943939208984,7035900,XLC
2020-11-13,63.630001068115234,64.20999908447266,63.27000045776367,64.11000061035156,63.54059600830078,1661300,XLC
2020-11-16,64.12999725341797,64.59500122070312,64.08999633789062,64.5199966430664,63.946956634521484,4772300,XLC
2020-11-17,64.22000122070312,64.5999984741211,63.970001220703125,64.29000091552734,63.71900177001953,3483100,XLC
2020-11-18,64.25,64.43000030517578,63.630001068115234,63.63999938964844,63.074771881103516,2470000,XLC
2020-11-19,63.369998931884766,64.16999816894531,63.279998779296875,64.02999877929688,63.46131134033203,3390400,XLC
2020-11-20,64.08000183105469,64.36000061035156,63.869998931884766,63.880001068115234,63.31264114379883,1876300,XLC
2020-11-23,64.11000061035156,64.23500061035156,63.279998779296875,63.90999984741211,63.342376708984375,2190900,XLC
2020-11-24,64.08000183105469,65.27999877929688,64.02999877929688,65.22000122070312,64.64073944091797,2179000,XLC
2020-11-25,65.3499984741211,65.36000061035156,64.64199829101562,65.20999908447266,64.63082885742188,1693300,XLC
2020-11-27,65.5199966430664,65.83999633789062,65.30000305175781,65.62999725341797,65.0470962524414,1229900,XLC
2020-11-30,65.4800033569336,65.4800033569336,64.72000122070312,65.4000015258789,64.81913757324219,3617300,XLC
2020-12-01,65.81999969482422,67.05000305175781,65.73999786376953,66.5999984741211,66.00848388671875,3888900,XLC
2020-12-02,66.51000213623047,67.41999816894531,66.19000244140625,67.22000122070312,66.62298583984375,2380800,XLC
2020-12-03,67.1500015258789,67.45999908447266,66.79000091552734,66.91999816894531,66.32563781738281,2129300,XLC
2020-12-04,66.91999816894531,67.12000274658203,66.7699966430664,66.9800033569336,66.38511657714844,1997000,XLC
2020-12-07,66.91999816894531,67.58499908447266,66.80000305175781,67.4000015258789,66.80138397216797,1981800,XLC
2020-12-08,67.33000183105469,67.38999938964844,66.78500366210938,67.30000305175781,66.70226287841797,1712800,XLC
2020-12-09,67.38999938964844,67.80999755859375,66.05999755859375,66.5,65.90937042236328,5494600,XLC
2020-12-10,66.12999725341797,66.6500015258789,65.5,66.54000091552734,65.94902038574219,2287400,XLC
2020-12-11,66.44000244140625,67.04000091552734,66.3499984741211,66.94000244140625,66.345458984375,2668300,XLC
2020-12-14,67.12000274658203,67.5999984741211,66.68000030517578,66.7300033569336,66.13733673095703,2622800,XLC
2020-12-15,67.05999755859375,67.27999877929688,66.41000366210938,67.27999877929688,66.68244934082031,1604200,XLC
2020-12-16,67.38999938964844,67.44999694824219,66.96099853515625,67.22000122070312,66.62298583984375,3249300,XLC
2020-12-17,67.47000122070312,67.61499786376953,66.8949966430664,67.05000305175781,66.4544906616211,2437600,XLC
2020-12-18,67.20999908447266,67.32499694824219,66.58000183105469,67.11000061035156,66.51396179199219,4397800,XLC
2020-12-21,66.20999908447266,66.55000305175781,65.41999816894531,66.43000030517578,65.94513702392578,4508500,XLC
2020-12-22,66.43000030517578,66.43000030517578,65.41000366210938,65.80999755859375,65.32967376708984,2041900,XLC
2020-12-23,66.04000091552734,66.6500015258789,65.87000274658203,66.19000244140625,65.70689392089844,1671200,XLC
2020-12-24,66.26000213623047,66.52999877929688,66.03500366210938,66.26000213623047,65.77638244628906,859700,XLC
2020-12-28,66.80000305175781,67.55000305175781,66.58999633789062,67.44999694824219,66.95769500732422,2806600,XLC
2020-12-29,67.61000061035156,67.7300033569336,67.30999755859375,67.38999938964844,66.89813232421875,1502000,XLC
2020-12-30,67.6500015258789,67.6500015258789,66.9000015258789,66.94000244140625,66.451416015625,2151800,XLC
2020-12-31,66.86000061035156,67.58999633789062,66.86000061035156,67.4800033569336,66.98748779296875,2274200,XLC
